{
  "logo": "https://s3-alpha-sig.figma.com/img/03a5/fea1/4338843e54193a1152feefb8bcb9bb90?Expires=1716163200&Key-Pair-Id=APKAQ4GOSFWCVNEHN3O4&Signature=ObF~A8lRiaWk~T5NSmNasSkIzLTQ-GuBZherQrOQmAFc11A-Jrtl55~itj46mOTWf1zNXAvJgKovzO46q~OwX4NNZdhMl1kXdXIxNvfsMzb3~aIw0C5QTbThkGiyxvKnBbqL9-mhKQoHo3b51RUptP~-Ve1uYX2sLFFfpu-DcSsi4uTLEh4C17TuKS1pcGs3nvfbbTQLvWUcH~JNdNqozuQKmqZEij4e9kyG3M2l349b0LDVTZDZogcfFdfrlEbA5t9GZWAk~pcVz6Ezlu1P~1BbdT3fkbvFmyvimh3dBkzOvogx3GR8919RiplEPHreIEOy1CQWfFo2Hw2mQxfpmQ__",
  "color": {
    "white": "#FFF",
    "white_1": "#EDF9F3",
    "white_2": "#DBF3E7",
    "white_3": "#CAEDDB",
    "white_4": "#B8E7CF",
    "white_5": "#94DCB8",
    "white_6": "#71D0A0",
    "default": "#4DC488",
    "black_6": "#3E9D6D",
    "black_5": "#2E7652",
    "black_4": "#1F4E36",
    "black_3": "#173B29",
    "black_2": "#0F271B",
    "black_1": "#08140E",
    "black": "#000",
    "gradient": "#3E9D6D"
  }
}
